iso3,country,region,income_group,latitude,longitude,country_fr
ABW,Aruba,Latin America & Caribbean ,High income,12.5167,-70.0167,Aruba
AFG,Afghanistan,"Middle East, North Africa, Afghanistan & Pakistan",Low income,34.5228,69.1761,Afghanistan
AGO,Angola,Sub-Saharan Africa ,Lower middle income,-8.81155,13.242,Angola
ALB,Albania,Europe & Central Asia,Upper middle income,41.3317,19.8172,Albanie
AND,Andorra,Europe & Central Asia,High income,42.5075,1.5218,Andorre
ARE,United Arab Emirates,"Middle East, North Africa, Afghanistan & Pakistan",High income,24.4764,54.3705,Émirats arabes unis
ARG,Argentina,Latin America & Caribbean ,Upper middle income,-34.6118,-58.4173,Argentine
ARM,Armenia,Europe & Central Asia,Upper middle income,40.1596,44.509,Arménie
ASM,American Samoa,East Asia & Pacific,High income,-14.2846,-170.691,Samoa américaines
ATG,Antigua and Barbuda,Latin America & Caribbean ,High income,17.1175,-61.8456,Antigua-et-Barbuda
AUS,Australia,East Asia & Pacific,High income,-35.282,149.129,Australie
AUT,Austria,Europe & Central Asia,High income,48.2201,16.3798,Autriche
AZE,Azerbaijan,Europe & Central Asia,Upper middle income,40.3834,49.8932,Azerbaïdjan
BDI,Burundi,Sub-Saharan Africa ,Low income,-3.3784,29.3639,Burundi
BEL,Belgium,Europe & Central Asia,High income,50.8371,4.36761,Belgique
BEN,Benin,Sub-Saharan Africa ,Lower middle income,6.4779,2.6323,Bénin
BFA,Burkina Faso,Sub-Saharan Africa ,Low income,12.3605,-1.53395,Burkina Faso
BGD,Bangladesh,South Asia,Lower middle income,23.7055,90.4113,Bangladesh
BGR,Bulgaria,Europe & Central Asia,High income,42.7105,23.3238,Bulgarie
BHR,Bahrain,"Middle East, North Africa, Afghanistan & Pakistan",High income,26.1921,50.5354,Bahreïn
BHS,"Bahamas, The",Latin America & Caribbean ,High income,25.0661,-77.339,Bahamas
BIH,Bosnia and Herzegovina,Europe & Central Asia,Upper middle income,43.8607,18.4214,Bosnie-Herzégovine
BLR,Belarus,Europe & Central Asia,Upper middle income,53.9678,27.5766,Bélarus
BLZ,Belize,Latin America & Caribbean ,Upper middle income,17.2534,-88.7713,Belize
BMU,Bermuda,North America,High income,32.3293,-64.706,Bermudes
BOL,Bolivia,Latin America & Caribbean ,Lower middle income,-13.9908,-66.1936,Bolivie
BRA,Brazil,Latin America & Caribbean ,Upper middle income,-15.7801,-47.9292,Brésil
BRB,Barbados,Latin America & Caribbean ,High income,13.0935,-59.6105,Barbade
BRN,Brunei Darussalam,East Asia & Pacific,High income,4.94199,114.946,Brunéi Darussalam
BTN,Bhutan,South Asia,Lower middle income,27.5768,89.6177,Bhoutan
BWA,Botswana,Sub-Saharan Africa ,Upper middle income,-24.6544,25.9201,Botswana
CAF,Central African Republic,Sub-Saharan Africa ,Low income,5.63056,21.6407,République centrafricaine
CAN,Canada,North America,High income,45.4215,-75.6919,Canada
CHE,Switzerland,Europe & Central Asia,High income,46.948,7.44821,Suisse
CHI,Channel Islands,Europe & Central Asia,High income,,,Îles Anglo-Normandes
CHL,Chile,Latin America & Caribbean ,High income,-33.475,-70.6475,Chili
CHN,China,East Asia & Pacific,Upper middle income,40.0495,116.286,Chine
CIV,Cote d'Ivoire,Sub-Saharan Africa ,Lower middle income,5.332,-4.0305,Côte d'Ivoire
CMR,Cameroon,Sub-Saharan Africa ,Lower middle income,3.8721,11.5174,Cameroun
COD,"Congo, Dem. Rep.",Sub-Saharan Africa ,Low income,-4.325,15.3222,Congo (Rép. dém.)
COG,"Congo, Rep.",Sub-Saharan Africa ,Lower middle income,-4.2767,15.2662,Congo (Rép.)
COL,Colombia,Latin America & Caribbean ,Upper middle income,4.60987,-74.082,Colombie
COM,Comoros,Sub-Saharan Africa ,Lower middle income,-11.6986,43.2418,Comores
CPV,Cabo Verde,Sub-Saharan Africa ,Upper middle income,14.9218,-23.5087,Cabo Verde
CRI,Costa Rica,Latin America & Caribbean ,High income,9.63701,-84.0089,Costa Rica
CUB,Cuba,Latin America & Caribbean ,Upper middle income,23.1333,-82.3667,Cuba
CUW,Curacao,Latin America & Caribbean ,High income,,,Curaçao
CYM,Cayman Islands,Latin America & Caribbean ,High income,19.3022,-81.3857,Îles Caïmans
CYP,Cyprus,Europe & Central Asia,High income,35.1676,33.3736,Chypre
CZE,Czechia,Europe & Central Asia,High income,50.0878,14.4205,Tchéquie
DEU,Germany,Europe & Central Asia,High income,52.5235,13.4115,Allemagne
DJI,Djibouti,"Middle East, North Africa, Afghanistan & Pakistan",Lower middle income,11.5806,43.1425,Djibouti
DMA,Dominica,Latin America & Caribbean ,Upper middle income,15.2976,-61.39,Dominique
DNK,Denmark,Europe & Central Asia,High income,55.6763,12.5681,Danemark
DOM,Dominican Republic,Latin America & Caribbean ,Upper middle income,18.479,-69.8908,République dominicaine
DZA,Algeria,"Middle East, North Africa, Afghanistan & Pakistan",Upper middle income,36.7397,3.05097,Algérie
ECU,Ecuador,Latin America & Caribbean ,Upper middle income,-0.229498,-78.5243,Équateur
EGY,"Egypt, Arab Rep.","Middle East, North Africa, Afghanistan & Pakistan",Lower middle income,30.0982,31.2461,Égypte
ERI,Eritrea,Sub-Saharan Africa ,Low income,15.3315,38.9183,Érythrée
ESP,Spain,Europe & Central Asia,High income,40.4167,-3.70327,Espagne
EST,Estonia,Europe & Central Asia,High income,59.4392,24.7586,Estonie
ETH,Ethiopia,Sub-Saharan Africa ,Low income,9.02274,38.7468,Éthiopie
FIN,Finland,Europe & Central Asia,High income,60.1608,24.9525,Finlande
FJI,Fiji,East Asia & Pacific,Upper middle income,-18.1149,178.399,Fidji
FRA,France,Europe & Central Asia,High income,48.8566,2.35097,France
FRO,Faroe Islands,Europe & Central Asia,High income,61.8926,-6.91181,Îles Féroé
FSM,"Micronesia, Fed. Sts.",East Asia & Pacific,Upper middle income,6.91771,158.185,Micronésie
GAB,Gabon,Sub-Saharan Africa ,Upper middle income,0.38832,9.45162,Gabon
GBR,United Kingdom,Europe & Central Asia,High income,51.5002,-0.126236,Royaume-Uni
GEO,Georgia,Europe & Central Asia,Upper middle income,41.71,44.793,Géorgie
GHA,Ghana,Sub-Saharan Africa ,Lower middle income,5.57045,-0.20795,Ghana
GIB,Gibraltar,Europe & Central Asia,High income,,,Gibraltar
GIN,Guinea,Sub-Saharan Africa ,Lower middle income,9.51667,-13.7,Guinée
GMB,"Gambia, The",Sub-Saharan Africa ,Low income,13.4495,-16.5885,Gambie
GNB,Guinea-Bissau,Sub-Saharan Africa ,Low income,11.8037,-15.1804,Guinée-Bissau
GNQ,Equatorial Guinea,Sub-Saharan Africa ,Upper middle income,3.7523,8.7741,Guinée équatoriale
GRC,Greece,Europe & Central Asia,High income,37.9792,23.7166,Grèce
GRD,Grenada,Latin America & Caribbean ,Upper middle income,12.0653,-61.7449,Grenade
GRL,Greenland,Europe & Central Asia,High income,64.1836,-51.7214,Groenland
GTM,Guatemala,Latin America & Caribbean ,Upper middle income,14.6248,-90.5328,Guatemala
GUM,Guam,East Asia & Pacific,High income,13.4443,144.794,Guam
GUY,Guyana,Latin America & Caribbean ,High income,6.80461,-58.1548,Guyana
HKG,"Hong Kong SAR, China",East Asia & Pacific,High income,22.3964,114.109,Hong Kong
HND,Honduras,Latin America & Caribbean ,Lower middle income,15.1333,-87.4667,Honduras
HRV,Croatia,Europe & Central Asia,High income,45.8069,15.9614,Croatie
HTI,Haiti,Latin America & Caribbean ,Lower middle income,18.5392,-72.3288,Haïti
HUN,Hungary,Europe & Central Asia,High income,47.4984,19.0408,Hongrie
IDN,Indonesia,East Asia & Pacific,Upper middle income,-6.19752,106.83,Indonésie
IMN,Isle of Man,Europe & Central Asia,High income,54.1509,-4.47928,Île de Man
IND,India,South Asia,Lower middle income,28.6353,77.225,Inde
IRL,Ireland,Europe & Central Asia,High income,53.3441,-6.26749,Irlande
IRN,"Iran, Islamic Rep.","Middle East, North Africa, Afghanistan & Pakistan",Upper middle income,35.6878,51.4447,Iran
IRQ,Iraq,"Middle East, North Africa, Afghanistan & Pakistan",Upper middle income,33.3302,44.394,Iraq
ISL,Iceland,Europe & Central Asia,High income,64.1353,-21.8952,Islande
ISR,Israel,"Middle East, North Africa, Afghanistan & Pakistan",High income,31.7717,35.2035,Israël
ITA,Italy,Europe & Central Asia,High income,41.8955,12.4823,Italie
JAM,Jamaica,Latin America & Caribbean ,Upper middle income,17.9927,-76.792,Jamaïque
JOR,Jordan,"Middle East, North Africa, Afghanistan & Pakistan",Upper middle income,31.9497,35.9263,Jordanie
JPN,Japan,East Asia & Pacific,High income,35.67,139.77,Japon
KAZ,Kazakhstan,Europe & Central Asia,Upper middle income,51.1879,71.4382,Kazakhstan
KEN,Kenya,Sub-Saharan Africa ,Lower middle income,-1.27975,36.8126,Kenya
KGZ,Kyrgyz Republic,Europe & Central Asia,Lower middle income,42.8851,74.6057,Kirghizistan
KHM,Cambodia,East Asia & Pacific,Lower middle income,11.5556,104.874,Cambodge
KIR,Kiribati,East Asia & Pacific,Lower middle income,1.32905,172.979,Kiribati
KNA,St. Kitts and Nevis,Latin America & Caribbean ,High income,17.3,-62.7309,Saint-Kitts-et-Nevis
KOR,"Korea, Rep.",East Asia & Pacific,High income,37.5323,126.957,Corée du Sud
KWT,Kuwait,"Middle East, North Africa, Afghanistan & Pakistan",High income,29.3721,47.9824,Koweït
LAO,Lao PDR,East Asia & Pacific,Lower middle income,18.5826,102.177,Laos
LBN,Lebanon,"Middle East, North Africa, Afghanistan & Pakistan",Lower middle income,33.8872,35.5134,Liban
LBR,Liberia,Sub-Saharan Africa ,Low income,6.30039,-10.7957,Libéria
LBY,Libya,"Middle East, North Africa, Afghanistan & Pakistan",Upper middle income,32.8578,13.1072,Libye
LCA,St. Lucia,Latin America & Caribbean ,Upper middle income,14.0,-60.9832,Sainte-Lucie
LIE,Liechtenstein,Europe & Central Asia,High income,47.1411,9.52148,Liechtenstein
LKA,Sri Lanka,South Asia,Upper middle income,6.92148,79.8528,Sri Lanka
LSO,Lesotho,Sub-Saharan Africa ,Lower middle income,-29.5208,27.7167,Lesotho
LTU,Lithuania,Europe & Central Asia,High income,54.6896,25.2799,Lituanie
LUX,Luxembourg,Europe & Central Asia,High income,49.61,6.1296,Luxembourg
LVA,Latvia,Europe & Central Asia,High income,56.9465,24.1048,Lettonie
MAC,"Macao SAR, China",East Asia & Pacific,High income,22.1667,113.55,Macao
MAF,St. Martin (French part),Latin America & Caribbean ,High income,,,Saint-Martin (partie française)
MAR,Morocco,"Middle East, North Africa, Afghanistan & Pakistan",Lower middle income,33.9905,-6.8704,Maroc
MCO,Monaco,Europe & Central Asia,High income,43.7325,7.41891,Monaco
MDA,Moldova,Europe & Central Asia,Upper middle income,47.0167,28.8497,Moldavie
MDG,Madagascar,Sub-Saharan Africa ,Low income,-20.4667,45.7167,Madagascar
MDV,Maldives,South Asia,Upper middle income,4.1742,73.5109,Maldives
MEX,Mexico,Latin America & Caribbean ,Upper middle income,19.427,-99.1276,Mexique
MHL,Marshall Islands,East Asia & Pacific,Upper middle income,7.11046,171.135,Îles Marshall
MKD,North Macedonia,Europe & Central Asia,Upper middle income,42.0024,21.4361,Macédoine du Nord
MLI,Mali,Sub-Saharan Africa ,Low income,13.5667,-7.50034,Mali
MLT,Malta,"Middle East, North Africa, Afghanistan & Pakistan",High income,35.9042,14.5189,Malte
MMR,Myanmar,East Asia & Pacific,Lower middle income,21.914,95.9562,Myanmar
MNE,Montenegro,Europe & Central Asia,Upper middle income,42.4602,19.2595,Monténégro
MNG,Mongolia,East Asia & Pacific,Upper middle income,47.9129,106.937,Mongolie
MNP,Northern Mariana Islands,East Asia & Pacific,High income,15.1935,145.765,Îles Mariannes du Nord
MOZ,Mozambique,Sub-Saharan Africa ,Low income,-25.9664,32.5713,Mozambique
MRT,Mauritania,Sub-Saharan Africa ,Lower middle income,18.2367,-15.9824,Mauritanie
MUS,Mauritius,Sub-Saharan Africa ,Upper middle income,-20.1605,57.4977,Maurice
MWI,Malawi,Sub-Saharan Africa ,Low income,-13.9899,33.7703,Malawi
MYS,Malaysia,East Asia & Pacific,Upper middle income,3.12433,101.684,Malaisie
NAM,Namibia,Sub-Saharan Africa ,Lower middle income,-22.5648,17.0931,Namibie
NCL,New Caledonia,East Asia & Pacific,High income,-22.2677,166.464,Nouvelle-Calédonie
NER,Niger,Sub-Saharan Africa ,Low income,13.514,2.1073,Niger
NGA,Nigeria,Sub-Saharan Africa ,Lower middle income,9.05804,7.48906,Nigéria
NIC,Nicaragua,Latin America & Caribbean ,Lower middle income,12.1475,-86.2734,Nicaragua
NLD,Netherlands,Europe & Central Asia,High income,52.3738,4.89095,Pays-Bas
NOR,Norway,Europe & Central Asia,High income,59.9138,10.7387,Norvège
NPL,Nepal,South Asia,Lower middle income,27.6939,85.3157,Népal
NRU,Naoero,East Asia & Pacific,High income,-0.5477,166.920867,Nauru
NZL,New Zealand,East Asia & Pacific,High income,-41.2865,174.776,Nouvelle-Zélande
OMN,Oman,"Middle East, North Africa, Afghanistan & Pakistan",High income,23.6105,58.5874,Oman
PAK,Pakistan,"Middle East, North Africa, Afghanistan & Pakistan",Lower middle income,30.5167,72.8,Pakistan
PAN,Panama,Latin America & Caribbean ,High income,8.99427,-79.5188,Panama
PER,Peru,Latin America & Caribbean ,Upper middle income,-12.0931,-77.0465,Pérou
PHL,Philippines,East Asia & Pacific,Upper middle income,14.5515,121.035,Philippines
PLW,Palau,East Asia & Pacific,High income,7.34194,134.479,Palaos
PNG,Papua New Guinea,East Asia & Pacific,Lower middle income,-9.47357,147.194,Papouasie-Nouvelle-Guinée
POL,Poland,Europe & Central Asia,High income,52.26,21.02,Pologne
PRI,Puerto Rico (US),Latin America & Caribbean ,High income,18.23,-66.0,Porto Rico
PRK,"Korea, Dem. People's Rep.",East Asia & Pacific,Low income,39.0319,125.754,Corée du Nord
PRT,Portugal,Europe & Central Asia,High income,38.7072,-9.13552,Portugal
PRY,Paraguay,Latin America & Caribbean ,Upper middle income,-25.3005,-57.6362,Paraguay
PSE,West Bank and Gaza,"Middle East, North Africa, Afghanistan & Pakistan",Lower middle income,,,Palestine
PYF,French Polynesia,East Asia & Pacific,High income,-17.535,-149.57,Polynésie française
QAT,Qatar,"Middle East, North Africa, Afghanistan & Pakistan",High income,25.2948,51.5082,Qatar
ROU,Romania,Europe & Central Asia,High income,44.4479,26.0979,Roumanie
RUS,Russian Federation,Europe & Central Asia,High income,55.7558,37.6176,Russie
RWA,Rwanda,Sub-Saharan Africa ,Low income,-1.95325,30.0587,Rwanda
SAU,Saudi Arabia,"Middle East, North Africa, Afghanistan & Pakistan",High income,24.6748,46.6977,Arabie saoudite
SDN,Sudan,Sub-Saharan Africa ,Low income,15.5932,32.5363,Soudan
SEN,Senegal,Sub-Saharan Africa ,Lower middle income,14.7247,-17.4734,Sénégal
SGP,Singapore,East Asia & Pacific,High income,1.28941,103.85,Singapour
SLB,Solomon Islands,East Asia & Pacific,Lower middle income,-9.42676,159.949,Îles Salomon
SLE,Sierra Leone,Sub-Saharan Africa ,Low income,8.4821,-13.2134,Sierra Leone
SLV,El Salvador,Latin America & Caribbean ,Upper middle income,13.7034,-89.2073,El Salvador
SMR,San Marino,Europe & Central Asia,High income,43.9322,12.4486,Saint-Marin
SOM,"Somalia, Fed. Rep.",Sub-Saharan Africa ,Low income,2.07515,45.3254,Somalie
SRB,Serbia,Europe & Central Asia,Upper middle income,44.8024,20.4656,Serbie
SSD,South Sudan,Sub-Saharan Africa ,Low income,4.85,31.6,Soudan du Sud
STP,Sao Tome and Principe,Sub-Saharan Africa ,Lower middle income,0.20618,6.6071,Sao Tomé-et-Principe
SUR,Suriname,Latin America & Caribbean ,Upper middle income,5.8232,-55.1679,Suriname
SVK,Slovak Republic,Europe & Central Asia,High income,48.1484,17.1073,Slovaquie
SVN,Slovenia,Europe & Central Asia,High income,46.0546,14.5044,Slovénie
SWE,Sweden,Europe & Central Asia,High income,59.3327,18.0645,Suède
SWZ,Eswatini,Sub-Saharan Africa ,Lower middle income,-26.5225,31.4659,Eswatini
SXM,Sint Maarten (Dutch part),Latin America & Caribbean ,High income,,,Saint-Martin (partie néerlandaise)
SYC,Seychelles,Sub-Saharan Africa ,High income,-4.6309,55.4466,Seychelles
SYR,Syrian Arab Republic,"Middle East, North Africa, Afghanistan & Pakistan",Low income,33.5146,36.3119,Syrie
TCA,Turks and Caicos Islands,Latin America & Caribbean ,High income,21.4602778,-71.141389,Îles Turques-et-Caïques
TCD,Chad,Sub-Saharan Africa ,Low income,12.1048,15.0445,Tchad
TGO,Togo,Sub-Saharan Africa ,Lower middle income,6.1228,1.2255,Togo
THA,Thailand,East Asia & Pacific,Upper middle income,13.7308,100.521,Thaïlande
TJK,Tajikistan,Europe & Central Asia,Lower middle income,38.5878,68.7864,Tadjikistan
TKM,Turkmenistan,Europe & Central Asia,Upper middle income,37.9509,58.3794,Turkménistan
TLS,Timor-Leste,East Asia & Pacific,Lower middle income,-8.56667,125.567,Timor oriental
TON,Tonga,East Asia & Pacific,Upper middle income,-21.136,-175.216,Tonga
TTO,Trinidad and Tobago,Latin America & Caribbean ,High income,10.6596,-61.4789,Trinité-et-Tobago
TUN,Tunisia,"Middle East, North Africa, Afghanistan & Pakistan",Lower middle income,36.7899,10.21,Tunisie
TUR,Turkiye,Europe & Central Asia,Upper middle income,39.7153,32.3606,Türkiye
TUV,Tuvalu,East Asia & Pacific,Upper middle income,-8.6314877,179.089567,Tuvalu
TZA,Tanzania,Sub-Saharan Africa ,Lower middle income,-6.17486,35.7382,Tanzanie
UGA,Uganda,Sub-Saharan Africa ,Low income,0.314269,32.5729,Ouganda
UKR,Ukraine,Europe & Central Asia,Upper middle income,50.4536,30.5038,Ukraine
URY,Uruguay,Latin America & Caribbean ,High income,-34.8941,-56.0675,Uruguay
USA,United States,North America,High income,38.8895,-77.032,États-Unis
UZB,Uzbekistan,Europe & Central Asia,Lower middle income,41.3052,69.269,Ouzbékistan
VCT,St. Vincent and the Grenadines,Latin America & Caribbean ,Upper middle income,13.2035,-61.2653,Saint-Vincent-et-les-Grenadines
VEN,"Venezuela, RB",Latin America & Caribbean ,Lower middle income,9.08165,-69.8371,Venezuela
VGB,British Virgin Islands,Latin America & Caribbean ,High income,18.431389,-64.623056,Îles Vierges britanniques
VIR,Virgin Islands (U.S.),Latin America & Caribbean ,High income,18.3358,-64.8963,Îles Vierges américaines
VNM,Viet Nam,East Asia & Pacific,Upper middle income,21.0069,105.825,Viet Nam
VUT,Vanuatu,East Asia & Pacific,Lower middle income,-17.7404,168.321,Vanuatu
WSM,Samoa,East Asia & Pacific,Upper middle income,-13.8314,-171.752,Samoa
XKX,Kosovo,Europe & Central Asia,Upper middle income,42.565,20.926,Kosovo
YEM,"Yemen, Rep.","Middle East, North Africa, Afghanistan & Pakistan",Low income,15.352,44.2075,Yémen
ZAF,South Africa,Sub-Saharan Africa ,Upper middle income,-25.746,28.1871,Afrique du Sud
ZMB,Zambia,Sub-Saharan Africa ,Lower middle income,-15.3982,28.2937,Zambie
ZWE,Zimbabwe,Sub-Saharan Africa ,Lower middle income,-17.8312,31.0672,Zimbabwe
